"bike_id","city_id","start_point"
"1","STHLM","[18.05767,59.33464]"
"2","STHLM","[18.02549,59.34452]"
"3","STHLM","[18.05064,59.35379]"
"4","STHLM","[18.05015,59.32663]"
"5","STHLM","[18.06541,59.33168]"
"6","STHLM","[18.03367,59.31968]"
"7","STHLM","[18.03629,59.33922]"
"8","STHLM","[18.01224,59.32543]"
"9","STHLM","[18.04576,59.34155]"
"10","STHLM","[18.05238,59.3201]"
"11","STHLM","[18.02398,59.33437]"
"12","STHLM","[18.09423,59.30781]"
"13","STHLM","[18.02233,59.32982]"
"14","STHLM","[18.01344,59.34296]"
"15","STHLM","[18.05371,59.32705]"
"16","STHLM","[18.05508,59.33312]"
"17","STHLM","[18.06656,59.32301]"
"18","STHLM","[18.0653,59.31101]"
"19","STHLM","[18.05948,59.34871]"
"20","STHLM","[18.02852,59.33512]"
"21","STHLM","[18.05502,59.32812]"
"22","STHLM","[18.05477,59.34978]"
"23","STHLM","[18.06465,59.34327]"
"24","STHLM","[18.04492,59.32683]"
"25","STHLM","[18.05593,59.34212]"
"26","STHLM","[18.08545,59.31436]"
"27","STHLM","[18.06471,59.34125]"
"28","STHLM","[18.07478,59.33127]"
"29","STHLM","[18.09524,59.33408]"
"30","STHLM","[17.99804,59.3299]"
"31","STHLM","[18.05576,59.3213]"
"32","STHLM","[18.07122,59.33435]"
"33","STHLM","[18.09341,59.33718]"
"34","STHLM","[18.05827,59.34087]"
"35","STHLM","[18.03363,59.31616]"
"36","STHLM","[18.0271,59.33605]"
"37","STHLM","[18.0577,59.34745]"
"38","STHLM","[18.03627,59.33542]"
"39","STHLM","[18.02419,59.35022]"
"40","STHLM","[18.06032,59.3382]"
"41","STHLM","[18.05352,59.35409]"
"42","STHLM","[18.09969,59.33739]"
"43","STHLM","[18.0399,59.33769]"
"44","STHLM","[18.06149,59.3248]"
"45","STHLM","[18.02747,59.33388]"
"46","STHLM","[18.03161,59.33103]"
"47","STHLM","[18.08448,59.3414]"
"48","STHLM","[18.03938,59.3313]"
"49","STHLM","[18.08582,59.33343]"
"50","STHLM","[18.04235,59.31895]"
"51","STHLM","[18.07209,59.32941]"
"52","STHLM","[18.00611,59.32554]"
"53","STHLM","[18.07654,59.3447]"
"54","STHLM","[18.09717,59.33874]"
"55","STHLM","[18.06743,59.34556]"
"56","STHLM","[18.08063,59.33438]"
"57","STHLM","[18.06279,59.3325]"
"58","STHLM","[18.03119,59.32921]"
"59","STHLM","[18.04065,59.35287]"
"60","STHLM","[18.07992,59.31463]"
"61","STHLM","[18.02569,59.33412]"
"62","STHLM","[18.0772,59.31584]"
"63","STHLM","[18.08657,59.31687]"
"64","STHLM","[18.05357,59.33904]"
"65","STHLM","[18.10229,59.33933]"
"66","STHLM","[18.09433,59.34396]"
"67","STHLM","[18.02779,59.3458]"
"68","STHLM","[18.05309,59.3269]"
"69","STHLM","[18.03244,59.31636]"
"70","STHLM","[18.02439,59.32714]"
"71","STHLM","[18.06667,59.31134]"
"72","STHLM","[18.07859,59.31283]"
"73","STHLM","[18.09297,59.31579]"
"74","STHLM","[18.02785,59.34952]"
"75","STHLM","[18.07477,59.31428]"
"76","STHLM","[18.09112,59.33802]"
"77","STHLM","[18.05301,59.34873]"
"78","STHLM","[18.08633,59.3168]"
"79","STHLM","[18.0917,59.33556]"
"80","STHLM","[18.03814,59.34157]"
"81","STHLM","[18.05745,59.31827]"
"82","STHLM","[18.02066,59.34459]"
"83","STHLM","[18.04865,59.31618]"
"84","STHLM","[18.02747,59.33808]"
"85","STHLM","[18.10193,59.34057]"
"86","STHLM","[18.0813,59.336]"
"87","STHLM","[18.08526,59.34116]"
"88","STHLM","[18.03164,59.34393]"
"89","STHLM","[18.06314,59.31489]"
"90","STHLM","[18.10289,59.33191]"
"91","STHLM","[18.00395,59.32663]"
"92","STHLM","[18.04273,59.31371]"
"93","STHLM","[18.05371,59.32705]"
"94","STHLM","[18.06714,59.33586]"
"95","STHLM","[18.01955,59.34893]"
"96","STHLM","[18.06416,59.33299]"
"97","STHLM","[18.05251,59.34209]"
"98","STHLM","[18.00664,59.32609]"
"99","STHLM","[18.09414,59.33348]"
"100","STHLM","[18.08223,59.31349]"
"101","STHLM","[18.02564,59.34019]"
"102","STHLM","[18.0532,59.3131]"
"103","STHLM","[18.08199,59.33344]"
"104","STHLM","[18.0295,59.33313]"
"105","STHLM","[18.03838,59.32195]"
"106","STHLM","[18.07122,59.34241]"
"107","STHLM","[18.04805,59.34326]"
"108","STHLM","[18.06822,59.3318]"
"109","STHLM","[18.00307,59.33272]"
"110","STHLM","[18.04118,59.31532]"
"111","STHLM","[18.06868,59.30457]"
"112","STHLM","[18.07092,59.34435]"
"113","STHLM","[18.07988,59.34441]"
"114","STHLM","[18.05947,59.33161]"
"115","STHLM","[18.02049,59.33079]"
"116","STHLM","[18.08409,59.34321]"
"117","STHLM","[18.05728,59.31332]"
"118","STHLM","[18.02963,59.33484]"
"119","STHLM","[18.08934,59.33288]"
"120","STHLM","[18.00867,59.33011]"
"121","STHLM","[18.04683,59.34314]"
"122","STHLM","[18.02144,59.3503]"
"123","STHLM","[18.0221,59.35111]"
"124","STHLM","[18.06502,59.33797]"
"125","STHLM","[18.03947,59.35447]"
"126","STHLM","[18.08842,59.30921]"
"127","STHLM","[18.0627,59.34574]"
"128","STHLM","[18.00526,59.33998]"
"129","STHLM","[18.01827,59.31902]"
"130","STHLM","[18.06258,59.30637]"
"131","STHLM","[18.06429,59.32381]"
"132","STHLM","[18.07446,59.3318]"
"133","STHLM","[18.02045,59.34748]"
"134","STHLM","[18.08291,59.34511]"
"135","STHLM","[18.04067,59.32721]"
"136","STHLM","[18.06342,59.33875]"
"137","STHLM","[17.99795,59.33694]"
"138","STHLM","[18.05782,59.34185]"
"139","STHLM","[18.08941,59.33318]"
"140","STHLM","[18.01064,59.33206]"
"141","STHLM","[18.02403,59.33168]"
"142","STHLM","[18.04499,59.32909]"
"143","STHLM","[18.03709,59.34009]"
"144","STHLM","[18.03116,59.34511]"
"145","STHLM","[18.08446,59.33734]"
"146","STHLM","[18.05942,59.312]"
"147","STHLM","[18.05085,59.34923]"
"148","STHLM","[18.05957,59.33063]"
"149","STHLM","[18.07585,59.33274]"
"150","STHLM","[18.10282,59.33204]"
"151","STHLM","[18.06874,59.32266]"
"152","STHLM","[18.00762,59.3346]"
"153","STHLM","[18.03667,59.32245]"
"154","STHLM","[18.06147,59.33435]"
"155","STHLM","[18.09957,59.33954]"
"156","STHLM","[18.06343,59.32059]"
"157","STHLM","[18.03595,59.33476]"
"158","STHLM","[18.06313,59.31489]"
"159","STHLM","[18.10655,59.33327]"
"160","STHLM","[18.06905,59.34465]"
"161","STHLM","[18.05417,59.31639]"
"162","STHLM","[18.08821,59.31757]"
"163","STHLM","[18.02367,59.33128]"
"164","STHLM","[18.06978,59.33865]"
"165","STHLM","[18.0226,59.34722]"
"166","STHLM","[18.09351,59.33553]"
"167","STHLM","[18.06958,59.32034]"
"168","STHLM","[18.01639,59.33334]"
"169","STHLM","[18.03303,59.33231]"
"170","STHLM","[18.09251,59.30793]"
"171","STHLM","[18.02009,59.33371]"
"172","STHLM","[18.05414,59.34378]"
"173","STHLM","[18.03068,59.34937]"
"174","STHLM","[18.08819,59.31778]"
"175","STHLM","[18.0854,59.33744]"
"176","STHLM","[18.07237,59.33671]"
"177","STHLM","[18.02709,59.33587]"
"178","STHLM","[18.03678,59.3224]"
"179","STHLM","[18.05581,59.34909]"
"180","STHLM","[18.04539,59.34568]"
"181","STHLM","[18.03211,59.31809]"
"182","STHLM","[18.04154,59.34382]"
"183","STHLM","[18.07784,59.30882]"
"184","STHLM","[18.0408,59.32749]"
"185","STHLM","[18.06685,59.31387]"
"186","STHLM","[18.03019,59.34005]"
"187","STHLM","[18.04927,59.33595]"
"188","STHLM","[18.03492,59.31658]"
"189","STHLM","[18.05668,59.30889]"
"190","STHLM","[18.02663,59.33649]"
"191","STHLM","[18.05638,59.31341]"
"192","STHLM","[18.01335,59.32591]"
"193","STHLM","[17.99938,59.33561]"
"194","STHLM","[18.00611,59.33264]"
"195","STHLM","[18.06334,59.33038]"
"196","STHLM","[18.04354,59.34155]"
"197","STHLM","[18.04492,59.3484]"
"198","STHLM","[18.04896,59.34837]"
"199","STHLM","[18.08629,59.31096]"
"200","STHLM","[18.07125,59.30971]"
"201","STHLM","[18.09507,59.34434]"
"202","STHLM","[18.07756,59.34644]"
"203","STHLM","[18.05252,59.33205]"
"204","STHLM","[18.08279,59.30473]"
"205","STHLM","[18.05699,59.33522]"
"206","STHLM","[18.03266,59.32834]"
"207","STHLM","[18.09363,59.3096]"
"208","STHLM","[18.07221,59.3089]"
"209","STHLM","[18.10601,59.33671]"
"210","STHLM","[18.01082,59.33902]"
"211","STHLM","[18.04611,59.34313]"
"212","STHLM","[18.03682,59.34755]"
"213","STHLM","[18.05921,59.32131]"
"214","STHLM","[18.08383,59.34479]"
"215","STHLM","[18.02226,59.35115]"
"216","STHLM","[17.99995,59.3361]"
"217","STHLM","[18.06206,59.32885]"
"218","STHLM","[18.09573,59.31465]"
"219","STHLM","[18.07404,59.34317]"
"220","STHLM","[18.06483,59.32712]"
"221","STHLM","[18.09553,59.33402]"
"222","STHLM","[18.02606,59.35173]"
"223","STHLM","[18.04346,59.34607]"
"224","STHLM","[18.07459,59.30494]"
"225","STHLM","[18.03531,59.31899]"
"226","STHLM","[18.03378,59.33043]"
"227","STHLM","[18.0797,59.31697]"
"228","STHLM","[18.04386,59.32631]"
"229","STHLM","[18.05694,59.31158]"
"230","STHLM","[18.06643,59.33524]"
"231","STHLM","[18.01694,59.34534]"
"232","STHLM","[18.04572,59.34377]"
"233","STHLM","[18.08106,59.33761]"
"234","STHLM","[18.02365,59.34455]"
"235","STHLM","[18.03514,59.32282]"
"236","STHLM","[18.0884,59.33212]"
"237","STHLM","[18.02265,59.34887]"
"238","STHLM","[17.99702,59.33494]"
"239","STHLM","[18.09669,59.34373]"
"240","STHLM","[18.0531,59.34346]"
"241","STHLM","[18.08036,59.33412]"
"242","STHLM","[18.00935,59.33028]"
"243","STHLM","[18.09476,59.31603]"
"244","STHLM","[18.04572,59.34988]"
"245","STHLM","[18.08479,59.3406]"
"246","STHLM","[18.03906,59.33944]"
"247","STHLM","[18.05628,59.31735]"
"248","STHLM","[18.07811,59.34583]"
"249","STHLM","[18.03559,59.31781]"
"250","STHLM","[18.0797,59.34318]"
"251","STHLM","[18.03719,59.31817]"
"252","STHLM","[18.06871,59.34414]"
"253","STHLM","[18.00386,59.32653]"
"254","STHLM","[18.05879,59.33349]"
"255","STHLM","[18.09204,59.34491]"
"256","STHLM","[18.03439,59.34915]"
"257","STHLM","[18.03603,59.3226]"
"258","STHLM","[18.03288,59.34983]"
"259","STHLM","[18.03237,59.35116]"
"260","STHLM","[18.06302,59.34029]"
"261","STHLM","[18.09764,59.3097]"
"262","STHLM","[18.06437,59.33065]"
"263","STHLM","[18.07036,59.30713]"
"264","STHLM","[18.05813,59.30857]"
"265","STHLM","[18.02541,59.32175]"
"266","STHLM","[18.00085,59.32473]"
"267","STHLM","[18.02133,59.34854]"
"268","STHLM","[18.01838,59.3401]"
"269","STHLM","[18.05677,59.33163]"
"270","STHLM","[18.04236,59.32065]"
"271","STHLM","[18.09535,59.30844]"
"272","STHLM","[18.04969,59.3495]"
"273","STHLM","[18.04794,59.32938]"
"274","STHLM","[18.02098,59.32927]"
"275","STHLM","[18.05003,59.34662]"
"276","STHLM","[18.04071,59.34882]"
"277","STHLM","[18.06724,59.32302]"
"278","STHLM","[18.03473,59.32179]"
"279","STHLM","[18.05041,59.31183]"
"280","STHLM","[18.05653,59.31225]"
"281","STHLM","[18.06404,59.32372]"
"282","STHLM","[18.08376,59.34573]"
"283","STHLM","[18.0642,59.33569]"
"284","STHLM","[18.02252,59.33656]"
"285","STHLM","[18.00297,59.33815]"
"286","STHLM","[18.05481,59.34461]"
"287","STHLM","[18.10096,59.33979]"
"288","STHLM","[18.10652,59.3351]"
"289","STHLM","[18.05322,59.31282]"
"290","STHLM","[18.03516,59.3477]"
"291","STHLM","[18.09507,59.31594]"
"292","STHLM","[18.08271,59.30472]"
"293","STHLM","[18.09596,59.31095]"
"294","STHLM","[18.05738,59.34717]"
"295","STHLM","[18.03267,59.32078]"
"296","STHLM","[18.00598,59.33193]"
"297","STHLM","[18.04548,59.31854]"
"298","STHLM","[18.0945,59.33354]"
"299","STHLM","[18.07244,59.33163]"
"300","STHLM","[18.03279,59.33128]"
"301","STHLM","[18.10286,59.33251]"
"302","STHLM","[18.05799,59.34436]"
"303","STHLM","[18.08652,59.33402]"
"304","STHLM","[18.04636,59.33935]"
"305","STHLM","[18.04579,59.33095]"
"306","STHLM","[18.03957,59.34839]"
"307","STHLM","[18.06708,59.31196]"
"308","STHLM","[18.06318,59.34807]"
"309","STHLM","[18.02426,59.32543]"
"310","STHLM","[18.05767,59.32981]"
"311","STHLM","[18.05452,59.33247]"
"312","STHLM","[18.05165,59.32063]"
"313","STHLM","[18.05043,59.33147]"
"314","STHLM","[18.05749,59.34048]"
"315","STHLM","[18.04926,59.32799]"
"316","STHLM","[18.00149,59.32864]"
"317","STHLM","[18.00853,59.33443]"
"318","STHLM","[18.04921,59.32911]"
"319","STHLM","[18.05322,59.34268]"
"320","STHLM","[18.08907,59.33706]"
"321","STHLM","[18.0662,59.34227]"
"322","STHLM","[18.05401,59.31233]"
"323","STHLM","[18.09236,59.33339]"
"324","STHLM","[18.01379,59.33945]"
"325","STHLM","[18.05661,59.30814]"
"326","STHLM","[18.08193,59.30705]"
"327","STHLM","[18.08045,59.33288]"
"328","STHLM","[18.03952,59.33158]"
"329","STHLM","[18.1038,59.33918]"
"330","STHLM","[18.04318,59.33533]"
"331","STHLM","[18.0481,59.34452]"
"332","STHLM","[18.04689,59.3452]"
"333","STHLM","[18.10432,59.33741]"
"334","STHLM","[18.05021,59.31044]"
"335","STHLM","[18.01363,59.32788]"
"336","STHLM","[18.0267,59.31846]"
"337","STHLM","[18.05553,59.3101]"
"338","STHLM","[18.04881,59.33341]"
"339","STHLM","[18.07197,59.3115]"
"340","STHLM","[18.05433,59.32896]"
"341","STHLM","[18.04101,59.33313]"
"342","STHLM","[18.09713,59.31565]"
"343","STHLM","[18.04848,59.34255]"
"344","STHLM","[18.0526,59.34621]"
"345","STHLM","[18.07311,59.30926]"
"346","STHLM","[18.06074,59.31341]"
"347","STHLM","[18.07366,59.31342]"
"348","STHLM","[18.04729,59.34274]"
"349","STHLM","[18.06256,59.34206]"
"350","STHLM","[18.06164,59.32448]"
"351","STHLM","[18.04828,59.33753]"
"352","STHLM","[18.03463,59.32755]"
"353","STHLM","[18.06337,59.30877]"
"354","KRLST","[13.50669,59.39202]"
"355","KRLST","[13.46757,59.36722]"
"356","KRLST","[13.52054,59.38408]"
"357","KRLST","[13.52198,59.40377]"
"358","KRLST","[13.54486,59.40975]"
"359","KRLST","[13.49886,59.38758]"
"360","KRLST","[13.51924,59.40433]"
"361","KRLST","[13.51158,59.37194]"
"362","KRLST","[13.55234,59.41635]"
"363","KRLST","[13.53689,59.4106]"
"364","KRLST","[13.5523,59.40028]"
"365","KRLST","[13.5095,59.36758]"
"366","KRLST","[13.51748,59.38859]"
"367","KRLST","[13.47273,59.37274]"
"368","KRLST","[13.53048,59.40998]"
"369","KRLST","[13.52552,59.39255]"
"370","KRLST","[13.44384,59.38057]"
"371","KRLST","[13.51189,59.37544]"
"372","KRLST","[13.45716,59.38229]"
"373","KRLST","[13.49913,59.38759]"
"374","KRLST","[13.55355,59.41322]"
"375","KRLST","[13.50955,59.37132]"
"376","KRLST","[13.50342,59.38487]"
"377","KRLST","[13.48589,59.41142]"
"378","KRLST","[13.4985,59.40948]"
"379","KRLST","[13.51017,59.3762]"
"380","KRLST","[13.52425,59.40547]"
"381","KRLST","[13.50811,59.38759]"
"382","KRLST","[13.49413,59.41305]"
"383","KRLST","[13.52211,59.40824]"
"384","KRLST","[13.52982,59.40786]"
"385","KRLST","[13.55703,59.40455]"
"386","KRLST","[13.45691,59.38161]"
"387","KRLST","[13.54357,59.40006]"
"388","KRLST","[13.47129,59.38614]"
"389","KRLST","[13.48252,59.38336]"
"390","KRLST","[13.50439,59.37945]"
"391","KRLST","[13.51756,59.38342]"
"392","KRLST","[13.50067,59.38617]"
"393","KRLST","[13.45992,59.36866]"
"394","KRLST","[13.49677,59.37874]"
"395","KRLST","[13.50816,59.37299]"
"396","KRLST","[13.52735,59.4092]"
"397","KRLST","[13.48076,59.37379]"
"398","KRLST","[13.50083,59.36736]"
"399","KRLST","[13.48997,59.3763]"
"400","KRLST","[13.51196,59.36896]"
"401","KRLST","[13.44984,59.38045]"
"402","KRLST","[13.51063,59.37214]"
"403","KRLST","[13.51214,59.39973]"
"404","KRLST","[13.5085,59.4114]"
"405","KRLST","[13.51043,59.38737]"
"406","KRLST","[13.45206,59.38414]"
"407","KRLST","[13.53092,59.38917]"
"408","KRLST","[13.5423,59.39804]"
"409","KRLST","[13.55527,59.4156]"
"410","KRLST","[13.47666,59.38867]"
"411","KRLST","[13.51914,59.37387]"
"412","KRLST","[13.53337,59.40625]"
"413","KRLST","[13.49408,59.40387]"
"414","KRLST","[13.49633,59.36798]"
"415","KRLST","[13.46256,59.37632]"
"416","KRLST","[13.49832,59.36575]"
"417","KRLST","[13.54664,59.40346]"
"418","KRLST","[13.50276,59.38723]"
"419","KRLST","[13.46565,59.38336]"
"420","KRLST","[13.52284,59.40004]"
"421","KRLST","[13.46748,59.38471]"
"422","KRLST","[13.51756,59.3817]"
"423","KRLST","[13.48083,59.37425]"
"424","KRLST","[13.51288,59.38382]"
"425","KRLST","[13.51715,59.37644]"
"426","KRLST","[13.49898,59.39987]"
"427","KRLST","[13.47579,59.38332]"
"428","KRLST","[13.58073,59.40159]"
"429","KRLST","[13.47773,59.36776]"
"430","KRLST","[13.52251,59.38886]"
"431","KRLST","[13.57038,59.41414]"
"432","KRLST","[13.4545,59.39135]"
"433","KRLST","[13.54797,59.39901]"
"434","KRLST","[13.45821,59.37788]"
"435","KRLST","[13.56293,59.40385]"
"436","KRLST","[13.50789,59.40255]"
"437","KRLST","[13.49529,59.38692]"
"438","KRLST","[13.51213,59.37138]"
"439","KRLST","[13.48191,59.41731]"
"440","KRLST","[13.53056,59.3902]"
"441","KRLST","[13.47433,59.37388]"
"442","KRLST","[13.53757,59.40239]"
"443","KRLST","[13.4964,59.39767]"
"444","KRLST","[13.51983,59.38385]"
"445","KRLST","[13.49734,59.39354]"
"446","KRLST","[13.52075,59.40063]"
"447","KRLST","[13.49648,59.39603]"
"448","KRLST","[13.49153,59.37726]"
"449","KRLST","[13.51315,59.38893]"
"450","KRLST","[13.50742,59.40087]"
"451","KRLST","[13.54333,59.4119]"
"452","KRLST","[13.50776,59.40577]"
"453","KRLST","[13.50363,59.38825]"
"454","KRLST","[13.4975,59.39007]"
"455","KRLST","[13.51887,59.37445]"
"456","KRLST","[13.50879,59.37156]"
"457","KRLST","[13.51958,59.4101]"
"458","KRLST","[13.47606,59.36916]"
"459","KRLST","[13.48399,59.37472]"
"460","KRLST","[13.4959,59.41138]"
"461","KRLST","[13.50029,59.38236]"
"462","KRLST","[13.54954,59.40899]"
"463","KRLST","[13.48566,59.38043]"
"464","KRLST","[13.50106,59.3654]"
"465","KRLST","[13.54482,59.39671]"
"466","KRLST","[13.45477,59.39048]"
"467","KRLST","[13.48018,59.38098]"
"468","KRLST","[13.44495,59.38041]"
"469","KRLST","[13.53896,59.39892]"
"470","KRLST","[13.58562,59.40798]"
"471","KRLST","[13.52718,59.38648]"
"472","KRLST","[13.57982,59.40376]"
"473","KRLST","[13.49974,59.39958]"
"474","KRLST","[13.53949,59.39659]"
"475","KRLST","[13.49616,59.39787]"
"476","KRLST","[13.50634,59.4014]"
"477","KRLST","[13.50498,59.39068]"
"478","KRLST","[13.55225,59.40236]"
"479","KRLST","[13.49893,59.37417]"
"480","KRLST","[13.56509,59.40854]"
"481","KRLST","[13.47039,59.3804]"
"482","KRLST","[13.57673,59.40632]"
"483","KRLST","[13.45575,59.37304]"
"484","KRLST","[13.46554,59.38118]"
"485","KRLST","[13.51746,59.38767]"
"486","KRLST","[13.46793,59.38514]"
"487","KRLST","[13.50627,59.37978]"
"488","KRLST","[13.45333,59.38282]"
"489","KRLST","[13.52234,59.38046]"
"490","KRLST","[13.50022,59.40705]"
"491","KRLST","[13.57543,59.41362]"
"492","KRLST","[13.4949,59.36833]"
"493","KRLST","[13.47098,59.38718]"
"494","KRLST","[13.5148,59.37663]"
"495","KRLST","[13.55821,59.40269]"
"496","KRLST","[13.50855,59.37104]"
"497","KRLST","[13.55321,59.40539]"
"498","KRLST","[13.47067,59.38801]"
"499","KRLST","[13.46107,59.37066]"
"500","KRLST","[13.56047,59.39661]"
"501","KRLST","[13.51777,59.40514]"
"502","KRLST","[13.48494,59.37412]"
"503","KRLST","[13.53922,59.40798]"
"504","KRLST","[13.51144,59.37528]"
"505","KRLST","[13.56172,59.41498]"
"506","KRLST","[13.50083,59.38206]"
"507","KRLST","[13.55748,59.40038]"
"508","KRLST","[13.48909,59.37119]"
"509","KRLST","[13.52962,59.39284]"
"510","KRLST","[13.50135,59.39428]"
"511","KRLST","[13.49945,59.40765]"
"512","KRLST","[13.5749,59.40494]"
"513","KRLST","[13.52044,59.40801]"
"514","KRLST","[13.51843,59.37994]"
"515","KRLST","[13.56873,59.40499]"
"516","KRLST","[13.47707,59.38752]"
"517","KRLST","[13.52183,59.39967]"
"518","KRLST","[13.48339,59.41867]"
"519","KRLST","[13.46031,59.37203]"
"520","KRLST","[13.48876,59.41139]"
"521","KRLST","[13.4869,59.3721]"
"522","KRLST","[13.4901,59.37472]"
"523","KRLST","[13.48583,59.41106]"
"524","KRLST","[13.50783,59.38528]"
"525","KRLST","[13.46065,59.37265]"
"526","KRLST","[13.50133,59.37409]"
"527","KRLST","[13.47227,59.39183]"
"528","KRLST","[13.47155,59.379]"
"529","KRLST","[13.49711,59.37422]"
"530","KRLST","[13.5341,59.38965]"
"531","KRLST","[13.45966,59.37704]"
"532","KRLST","[13.53738,59.39917]"
"533","KRLST","[13.50845,59.38113]"
"534","KRLST","[13.54523,59.41817]"
"535","KRLST","[13.5443,59.41281]"
"536","KRLST","[13.47176,59.37436]"
"537","KRLST","[13.5565,59.41095]"
"538","KRLST","[13.58353,59.40945]"
"539","KRLST","[13.57352,59.39857]"
"540","KRLST","[13.53325,59.38585]"
"541","KRLST","[13.46196,59.37626]"
"542","KRLST","[13.49003,59.379]"
"543","KRLST","[13.48891,59.41111]"
"544","KRLST","[13.52962,59.38958]"
"545","KRLST","[13.47963,59.38969]"
"546","KRLST","[13.55241,59.40354]"
"547","KRLST","[13.46846,59.37681]"
"548","KRLST","[13.45481,59.38351]"
"549","KRLST","[13.57237,59.3986]"
"550","KRLST","[13.47021,59.37129]"
"551","KRLST","[13.47437,59.37391]"
"552","KRLST","[13.57351,59.39825]"
"553","KRLST","[13.54056,59.41122]"
"554","KRLST","[13.51628,59.37084]"
"555","KRLST","[13.4865,59.37326]"
"556","KRLST","[13.4814,59.3751]"
"557","KRLST","[13.49438,59.4063]"
"558","KRLST","[13.49085,59.38184]"
"559","KRLST","[13.54195,59.40129]"
"560","KRLST","[13.50132,59.39437]"
"561","KRLST","[13.51643,59.4233]"
"562","KRLST","[13.50301,59.38882]"
"563","KRLST","[13.50367,59.4027]"
"564","KRLST","[13.50052,59.38373]"
"565","KRLST","[13.58219,59.40473]"
"566","KRLST","[13.54195,59.40129]"
"567","KRLST","[13.48363,59.41348]"
"568","KRLST","[13.48395,59.40607]"
"569","KRLST","[13.45024,59.38792]"
"570","KRLST","[13.53188,59.38722]"
"571","KRLST","[13.56441,59.4064]"
"572","KRLST","[13.50893,59.40877]"
"573","KRLST","[13.46092,59.37053]"
"574","KRLST","[13.51406,59.38818]"
"575","KRLST","[13.46891,59.3763]"
"576","KRLST","[13.55652,59.39963]"
"577","KRLST","[13.49177,59.37432]"
"578","KRLST","[13.45864,59.37501]"
"579","KRLST","[13.47233,59.36656]"
"580","KRLST","[13.51131,59.40267]"
"581","KRLST","[13.50512,59.37231]"
"582","KRLST","[13.57272,59.4111]"
"583","KRLST","[13.50295,59.38876]"
"584","KRLST","[13.4952,59.37572]"
"585","KRLST","[13.49287,59.3814]"
"586","KRLST","[13.4448,59.38193]"
"587","KRLST","[13.50171,59.39369]"
"588","KRLST","[13.46003,59.37941]"
"589","KRLST","[13.47662,59.37894]"
"590","KRLST","[13.45551,59.37752]"
"591","KRLST","[13.57335,59.4062]"
"592","KRLST","[13.48447,59.38133]"
"593","KRLST","[13.51619,59.37621]"
"594","KRLST","[13.56851,59.40211]"
"595","KRLST","[13.5095,59.39931]"
"596","KRLST","[13.45328,59.38896]"
"597","KRLST","[13.54138,59.40795]"
"598","KRLST","[13.49225,59.39966]"
"599","KRLST","[13.51019,59.40769]"
"600","KRLST","[13.48693,59.40823]"
"601","KRLST","[13.50496,59.3799]"
"602","KRLST","[13.46629,59.37097]"
"603","KRLST","[13.56539,59.40887]"
"604","KRLST","[13.49691,59.40296]"
"605","KRLST","[13.45961,59.36942]"
"606","KRLST","[13.52277,59.38438]"
"607","KRLST","[13.48348,59.37811]"
"608","KRLST","[13.55541,59.40457]"
"609","KRLST","[13.49629,59.37931]"
"610","KRLST","[13.53098,59.39299]"
"611","KRLST","[13.4555,59.37035]"
"612","KRLST","[13.49137,59.37351]"
"613","KRLST","[13.56429,59.41074]"
"614","KRLST","[13.52274,59.40369]"
"615","KRLST","[13.4831,59.41892]"
"616","KRLST","[13.54344,59.41793]"
"617","KRLST","[13.45395,59.38247]"
"618","KRLST","[13.48916,59.41792]"
"619","KRLST","[13.5459,59.40902]"
"620","KRLST","[13.57348,59.40095]"
"621","KRLST","[13.48132,59.38798]"
"622","KRLST","[13.49691,59.40296]"
"623","KRLST","[13.46844,59.38671]"
"624","KRLST","[13.48039,59.37647]"
"625","KRLST","[13.49636,59.38591]"
"626","KRLST","[13.51694,59.38972]"
"627","KRLST","[13.47693,59.42152]"
"628","KRLST","[13.47729,59.38752]"
"629","KRLST","[13.54451,59.39813]"
"630","KRLST","[13.51834,59.40572]"
"631","KRLST","[13.45681,59.39105]"
"632","KRLST","[13.54933,59.41636]"
"633","KRLST","[13.56258,59.40737]"
"634","KRLST","[13.52293,59.37709]"
"635","KRLST","[13.54435,59.4059]"
"636","KRLST","[13.4607,59.37914]"
"637","KRLST","[13.58312,59.40992]"
"638","KRLST","[13.49229,59.41437]"
"639","KRLST","[13.51569,59.38457]"
"640","KRLST","[13.49386,59.3658]"
"641","KRLST","[13.48458,59.4155]"
"642","KRLST","[13.51108,59.39809]"
"643","KRLST","[13.46635,59.37769]"
"644","KRLST","[13.53048,59.38289]"
"645","KRLST","[13.5716,59.40603]"
"646","KRLST","[13.48734,59.38913]"
"647","KRLST","[13.57038,59.40525]"
"648","KRLST","[13.46737,59.38597]"
"649","KRLST","[13.49179,59.41615]"
"650","KRLST","[13.49145,59.40883]"
"651","KRLST","[13.44678,59.38376]"
"652","KRLST","[13.50496,59.3799]"
"653","KRLST","[13.5477,59.41826]"
"654","KRLST","[13.58436,59.40355]"
"655","KRLST","[13.50764,59.37557]"
"656","KRLST","[13.50176,59.39904]"
"657","KRLST","[13.49918,59.39177]"
"658","KRLST","[13.56841,59.41132]"
"659","KRLST","[13.49262,59.41323]"
"660","KRLST","[13.53424,59.40697]"
"661","KRLST","[13.49623,59.38654]"
"662","KRLST","[13.46818,59.38742]"
"663","KRLST","[13.56023,59.41345]"
"664","KRLST","[13.51942,59.409]"
"665","KRLST","[13.49064,59.37441]"
"666","KRLST","[13.48863,59.41745]"
"667","KRLST","[13.48068,59.39105]"
"668","KRLST","[13.52919,59.39402]"
"669","KRLST","[13.48774,59.3744]"
"670","KRLST","[13.52073,59.40121]"
"671","KRLST","[13.45386,59.38827]"
"672","KRLST","[13.52588,59.39488]"
"673","KRLST","[13.53362,59.40466]"
"674","KRLST","[13.55755,59.41386]"
"675","KRLST","[13.51993,59.38108]"
"676","KRLST","[13.52315,59.39026]"
"677","KRLST","[13.49481,59.41129]"
"678","KRLST","[13.50737,59.41005]"
"679","KRLST","[13.48328,59.37403]"
"680","KRLST","[13.50665,59.39328]"
"681","KRLST","[13.50003,59.40591]"
"682","KRLST","[13.50715,59.39427]"
"683","KRLST","[13.50729,59.39908]"
"684","KRLST","[13.57669,59.40064]"
"685","KRLST","[13.53645,59.40879]"
"686","KRLST","[13.48703,59.3876]"
"687","KRLST","[13.5236,59.40765]"
"688","KRLST","[13.48804,59.37148]"
"689","KRLST","[13.55074,59.40011]"
"690","KRLST","[13.49818,59.36534]"
"691","KRLST","[13.47855,59.37154]"
"692","KRLST","[13.55329,59.40649]"
"693","KRLST","[13.51348,59.39111]"
"694","KRLST","[13.49444,59.37594]"
"695","KRLST","[13.48052,59.41796]"
"696","KRLST","[13.49466,59.40582]"
"697","KRLST","[13.54278,59.40305]"
"698","KRLST","[13.45808,59.37919]"
"699","KRLST","[13.48983,59.37169]"
"700","KRLST","[13.48563,59.41568]"
"701","KRLST","[13.47684,59.37448]"
"702","KRLST","[13.49723,59.40914]"
"703","KRLST","[13.51343,59.40153]"
"704","KRLST","[13.48431,59.38699]"
"705","KRLST","[13.55854,59.40942]"
"706","KRLST","[13.50771,59.3955]"
"707","KRLST","[13.58669,59.40564]"
"708","KRLST","[13.47537,59.37613]"
"709","KRLST","[13.45435,59.38284]"
"710","KRLST","[13.54849,59.39603]"
"711","KRLST","[13.44399,59.38074]"
"712","KRLST","[13.48828,59.38457]"
"713","KRLST","[13.51629,59.39351]"
"714","KRLST","[13.49891,59.37718]"
"715","KRLST","[13.46676,59.38704]"
"716","KRLST","[13.48113,59.37858]"
"717","KRLST","[13.57773,59.40967]"
"718","KRLST","[13.47089,59.37862]"
"719","KRLST","[13.58159,59.40787]"
"720","KRLST","[13.49691,59.40296]"
"721","KRLST","[13.4633,59.37457]"
"722","KRLST","[13.53123,59.38651]"
"723","KRLST","[13.52126,59.39164]"
"724","KRLST","[13.57742,59.4139]"
"725","KRLST","[13.51468,59.39147]"
"726","KRLST","[13.48394,59.37571]"
"727","KRLST","[13.49887,59.4088]"
"728","KRLST","[13.46996,59.38242]"
"729","KRLST","[13.51312,59.40029]"
"730","KRLST","[13.48582,59.3769]"
"731","KRLST","[13.55239,59.41608]"
"732","KRLST","[13.4685,59.37709]"
"733","KRLST","[13.51391,59.37178]"
"734","KRLST","[13.46826,59.3883]"
"735","KRLST","[13.48713,59.38279]"
"736","KRLST","[13.556,59.39854]"
"737","KRLST","[13.49861,59.38688]"
"738","KRLST","[13.56105,59.41455]"
"739","KRLST","[13.54191,59.40533]"
"740","KRLST","[13.55854,59.39636]"
"741","KRLST","[13.53554,59.40821]"
"742","KRLST","[13.50259,59.37372]"
"743","KRLST","[13.50269,59.39613]"
"744","KRLST","[13.48797,59.40229]"
"745","KRLST","[13.47047,59.36838]"
"746","KRLST","[13.53359,59.39856]"
"747","KRLST","[13.51593,59.40467]"
"748","KRLST","[13.51096,59.38362]"
"749","KRLST","[13.47337,59.38616]"
"750","KRLST","[13.48562,59.37645]"
"751","KRLST","[13.48868,59.40436]"
"752","GBG","[12.0057,57.70578]"
"753","GBG","[12.01398,57.72182]"
"754","GBG","[11.92118,57.69966]"
"755","GBG","[11.96604,57.73072]"
"756","GBG","[12.01262,57.71663]"
"757","GBG","[12.00945,57.72131]"
"758","GBG","[11.95086,57.6812]"
"759","GBG","[11.96403,57.71189]"
"760","GBG","[11.92954,57.70721]"
"761","GBG","[11.97325,57.72523]"
"762","GBG","[11.93656,57.70903]"
"763","GBG","[11.89688,57.69962]"
"764","GBG","[12.00579,57.68106]"
"765","GBG","[11.96385,57.71182]"
"766","GBG","[11.98015,57.73205]"
"767","GBG","[11.91214,57.69844]"
"768","GBG","[11.98461,57.69757]"
"769","GBG","[11.97032,57.71867]"
"770","GBG","[11.94258,57.69312]"
"771","GBG","[11.8954,57.70443]"
"772","GBG","[12.01934,57.7241]"
"773","GBG","[12.00448,57.706]"
"774","GBG","[11.98198,57.69378]"
"775","GBG","[11.98104,57.68595]"
"776","GBG","[11.94472,57.7325]"
"777","GBG","[11.98605,57.72407]"
"778","GBG","[12.0193,57.72411]"
"779","GBG","[12.00741,57.71996]"
"780","GBG","[11.93758,57.71889]"
"781","GBG","[11.93712,57.70537]"
"782","GBG","[11.99569,57.6849]"
"783","GBG","[11.98865,57.7201]"
"784","GBG","[11.96774,57.69403]"
"785","GBG","[12.0061,57.72937]"
"786","GBG","[11.92794,57.71596]"
"787","GBG","[11.95418,57.70065]"
"788","GBG","[12.01126,57.70086]"
"789","GBG","[11.99595,57.69275]"
"790","GBG","[11.96641,57.70898]"
"791","GBG","[12.01087,57.72515]"
"792","GBG","[11.90455,57.70579]"
"793","GBG","[12.01658,57.69731]"
"794","GBG","[11.95472,57.68972]"
"795","GBG","[11.95551,57.68678]"
"796","GBG","[12.01776,57.71655]"
"797","GBG","[11.94096,57.70824]"
"798","GBG","[11.92815,57.71479]"
"799","GBG","[11.92651,57.68729]"
"800","GBG","[12.01938,57.70814]"
"801","GBG","[11.98763,57.67848]"
"802","GBG","[11.93366,57.68152]"
"803","GBG","[12.02199,57.71873]"
"804","GBG","[11.91729,57.71021]"
"805","GBG","[11.90742,57.68729]"
"806","GBG","[11.9686,57.71927]"
"807","GBG","[12.00358,57.71003]"
"808","GBG","[11.92515,57.71281]"
"809","GBG","[11.93224,57.70728]"
"810","GBG","[12.02669,57.72222]"
"811","GBG","[11.94918,57.71267]"
"812","GBG","[11.91303,57.70797]"
"813","GBG","[11.94646,57.73568]"
"814","GBG","[11.96446,57.67731]"
"815","GBG","[11.94397,57.69435]"
"816","GBG","[11.93592,57.6779]"
"817","GBG","[11.99866,57.69571]"
"818","GBG","[11.94011,57.67925]"
"819","GBG","[11.9497,57.71908]"
"820","GBG","[11.96239,57.70046]"
"821","GBG","[11.90593,57.68374]"
"822","GBG","[11.92197,57.72882]"
"823","GBG","[11.94412,57.71212]"
"824","GBG","[11.89925,57.70756]"
"825","GBG","[11.97937,57.70804]"
"826","GBG","[11.92301,57.69273]"
"827","GBG","[11.9712,57.70979]"
"828","GBG","[11.97469,57.68205]"
"829","GBG","[11.91252,57.71195]"
"830","GBG","[11.92705,57.69029]"
"831","GBG","[12.01145,57.71036]"
"832","GBG","[11.95209,57.68572]"
"833","GBG","[11.9966,57.69282]"
"834","GBG","[11.92732,57.69333]"
"835","GBG","[11.95013,57.72957]"
"836","GBG","[11.9308,57.72569]"
"837","GBG","[11.99864,57.69605]"
"838","GBG","[11.99959,57.71539]"
"839","GBG","[12.00488,57.72162]"
"840","GBG","[11.90578,57.69521]"
"841","GBG","[11.93302,57.72239]"
"842","GBG","[11.98235,57.73198]"
"843","GBG","[11.91988,57.68615]"
"844","GBG","[11.98774,57.727]"
"845","GBG","[11.92078,57.72755]"
"846","GBG","[11.92178,57.67713]"
"847","GBG","[11.98739,57.72964]"
"848","GBG","[11.95061,57.70954]"
"849","GBG","[12.01401,57.69487]"
"850","GBG","[11.91777,57.69342]"
"851","GBG","[11.96751,57.69089]"
"852","GBG","[11.93059,57.72516]"
"853","GBG","[11.90116,57.70169]"
"854","GBG","[11.93307,57.69245]"
"855","GBG","[11.97858,57.71318]"
"856","GBG","[11.93852,57.72259]"
"857","GBG","[11.93171,57.72512]"
"858","GBG","[11.91269,57.68856]"
"859","GBG","[11.9885,57.6842]"
"860","GBG","[11.92536,57.7075]"
"861","GBG","[12.01322,57.7076]"
"862","GBG","[11.91642,57.70623]"
"863","GBG","[11.9753,57.73404]"
"864","GBG","[11.98533,57.69164]"
"865","GBG","[11.93647,57.69401]"
"866","GBG","[11.92742,57.68619]"
"867","GBG","[11.9684,57.70708]"
"868","GBG","[11.94645,57.69277]"
"869","GBG","[11.96963,57.69427]"
"870","GBG","[11.92051,57.7265]"
"871","GBG","[11.90319,57.68796]"
"872","GBG","[11.97544,57.71426]"
"873","GBG","[12.00532,57.7134]"
"874","GBG","[11.97395,57.68078]"
"875","GBG","[11.93101,57.70001]"
"876","GBG","[11.99331,57.68479]"
"877","GBG","[11.931,57.72568]"
"878","GBG","[12.0124,57.69962]"
"879","GBG","[11.9886,57.73086]"
"880","GBG","[11.97764,57.70403]"
"881","GBG","[11.99483,57.71564]"
"882","GBG","[11.90611,57.68564]"
"883","GBG","[11.94882,57.6797]"
"884","GBG","[11.97459,57.7295]"
"885","GBG","[11.91295,57.68974]"
"886","GBG","[11.97123,57.68957]"
"887","GBG","[11.94297,57.73234]"
"888","GBG","[11.92488,57.70513]"
"889","GBG","[11.95027,57.7315]"
"890","GBG","[11.93799,57.67836]"
"891","GBG","[11.98898,57.70185]"
"892","GBG","[12.01541,57.69573]"
"893","GBG","[11.91478,57.71345]"
"894","GBG","[11.99304,57.68669]"
"895","GBG","[11.94087,57.69485]"
"896","GBG","[11.92308,57.69007]"
"897","GBG","[11.93261,57.68062]"
"898","GBG","[12.01595,57.72419]"
"899","GBG","[11.98315,57.70511]"
"900","GBG","[11.96965,57.69922]"
"901","GBG","[11.92239,57.71015]"
"902","GBG","[11.96035,57.73178]"
"903","GBG","[11.96292,57.73665]"
"904","GBG","[11.9572,57.73034]"
"905","GBG","[11.94033,57.70106]"
"906","GBG","[11.99289,57.72851]"
"907","GBG","[11.96234,57.71671]"
"908","GBG","[12.00376,57.71757]"
"909","GBG","[11.93299,57.71028]"
"910","GBG","[11.98634,57.68298]"
"911","GBG","[11.97014,57.69748]"
"912","GBG","[11.90079,57.70428]"
"913","GBG","[11.97648,57.67979]"
"914","GBG","[12.00248,57.72417]"
"915","GBG","[11.98456,57.70545]"
"916","GBG","[11.93726,57.70092]"
"917","GBG","[11.96683,57.69879]"
"918","GBG","[11.96597,57.68262]"
"919","GBG","[11.96665,57.69953]"
"920","GBG","[11.96416,57.73605]"
"921","GBG","[11.9787,57.71001]"
"922","GBG","[11.95799,57.7249]"
"923","GBG","[11.95829,57.70443]"
"924","GBG","[11.93486,57.7237]"
"925","GBG","[11.94343,57.69756]"
"926","GBG","[12.0162,57.71575]"
"927","GBG","[11.96597,57.72531]"
"928","GBG","[12.01439,57.71562]"
"929","GBG","[11.8986,57.69469]"
"930","GBG","[12.00514,57.71638]"
"931","GBG","[11.92582,57.67601]"
"932","GBG","[12.00572,57.69814]"
"933","GBG","[11.99714,57.69563]"
"934","GBG","[11.90224,57.71722]"
"935","GBG","[11.96214,57.72548]"
"936","GBG","[11.91382,57.70756]"
"937","GBG","[12.00777,57.71618]"
"938","GBG","[11.91753,57.7149]"
"939","GBG","[11.98301,57.73274]"
"940","GBG","[11.97304,57.72105]"
"941","GBG","[11.95269,57.73131]"
"942","GBG","[11.92272,57.69834]"
"943","GBG","[11.96016,57.73415]"
"944","GBG","[11.97592,57.70137]"
"945","GBG","[11.92855,57.72576]"
"946","GBG","[11.96953,57.68358]"
"947","GBG","[11.96568,57.67634]"
"948","GBG","[12.02327,57.72199]"
"949","GBG","[11.91635,57.70534]"
"950","GBG","[11.96998,57.73463]"
"951","GBG","[11.92892,57.68903]"
"952","GBG","[11.93934,57.68117]"
"953","GBG","[11.95801,57.69734]"
"954","GBG","[11.97535,57.70029]"
"955","GBG","[11.96811,57.72144]"
"956","GBG","[11.91024,57.70899]"
"957","GBG","[11.99378,57.68371]"
"958","GBG","[12.01174,57.70822]"
"959","GBG","[11.926,57.72797]"
"960","GBG","[11.92809,57.70293]"
"961","GBG","[12.00913,57.6811]"
"962","GBG","[12.01302,57.70755]"
"963","GBG","[11.99317,57.71037]"
"964","GBG","[11.91279,57.6823]"
"965","GBG","[11.99551,57.69839]"
"966","GBG","[12.00495,57.70949]"
"967","GBG","[12.01563,57.72551]"
"968","GBG","[12.01528,57.69212]"
"969","GBG","[12.00037,57.71742]"
"970","GBG","[11.92528,57.72227]"
"971","GBG","[11.9853,57.6765]"
"972","GBG","[11.91647,57.71515]"
"973","GBG","[11.99115,57.73236]"
"974","GBG","[12.01805,57.72419]"
"975","GBG","[11.99748,57.67795]"
"976","GBG","[11.94139,57.68208]"
"977","GBG","[11.96395,57.69525]"
"978","GBG","[11.92514,57.69465]"
"979","GBG","[12.00564,57.70803]"
"980","GBG","[11.95383,57.69325]"
"981","GBG","[11.90771,57.72053]"
"982","GBG","[11.99611,57.68564]"
"983","GBG","[11.98634,57.73101]"
"984","GBG","[12.00308,57.68804]"
"985","GBG","[11.97774,57.69219]"
"986","GBG","[11.99194,57.73193]"
"987","GBG","[11.9969,57.70705]"
"988","GBG","[11.91813,57.7148]"
"989","GBG","[11.98588,57.70351]"
"990","GBG","[11.97726,57.7059]"
"991","GBG","[12.01007,57.70187]"
"992","GBG","[11.93786,57.68208]"
"993","GBG","[12.01306,57.69544]"
"994","GBG","[11.99928,57.72169]"
"995","GBG","[11.97839,57.69438]"
"996","GBG","[11.97668,57.7015]"
"997","GBG","[11.98609,57.67985]"
"998","GBG","[11.9968,57.71387]"
"999","GBG","[12.01352,57.70712]"
"1000","GBG","[11.95214,57.72859]"
"1001","GBG","[12.001,57.69564]"
"1002","GBG","[12.02697,57.72294]"
"1003","GBG","[11.98294,57.70338]"
"1004","GBG","[11.90231,57.70767]"
"1005","GBG","[11.91792,57.72311]"
"1006","GBG","[11.94016,57.73196]"
"1007","GBG","[11.95419,57.73213]"
"1008","GBG","[11.90637,57.71322]"
"1009","GBG","[11.92732,57.70497]"
"1010","GBG","[11.9445,57.71483]"
"1011","GBG","[11.94796,57.713]"
"1012","GBG","[11.97495,57.72131]"
"1013","GBG","[11.96802,57.68969]"
"1014","GBG","[12.01908,57.70569]"
"1015","GBG","[11.99733,57.70846]"
"1016","GBG","[12.00797,57.72598]"
"1017","GBG","[11.95565,57.71985]"
"1018","GBG","[11.95083,57.71537]"
"1019","GBG","[11.9927,57.68638]"
"1020","GBG","[11.9699,57.72648]"
"1021","GBG","[11.92555,57.71582]"
"1022","GBG","[11.91577,57.69335]"
"1023","GBG","[11.92919,57.7043]"
"1024","GBG","[11.93952,57.68318]"
"1025","GBG","[11.96719,57.68427]"
"1026","GBG","[12.02001,57.69614]"
"1027","GBG","[11.91547,57.72187]"
"1028","GBG","[11.9236,57.69205]"
"1029","GBG","[11.92327,57.69134]"
"1030","GBG","[11.9233,57.72829]"
"1031","GBG","[11.91459,57.72387]"
"1032","GBG","[11.99363,57.70258]"
"1033","GBG","[12.00593,57.727]"
"1034","GBG","[11.9646,57.72041]"
"1035","GBG","[11.91119,57.70425]"
"1036","GBG","[12.00972,57.71829]"
"1037","GBG","[11.99148,57.69242]"
"1038","GBG","[11.92856,57.70383]"
"1039","GBG","[11.92666,57.71389]"
"1040","GBG","[11.92617,57.69553]"
"1041","GBG","[11.93536,57.71132]"
"1042","GBG","[11.98894,57.69304]"
"1043","GBG","[11.98503,57.67965]"
"1044","GBG","[11.92693,57.69797]"
"1045","GBG","[11.91402,57.68725]"
"1046","GBG","[11.93452,57.7319]"
"1047","GBG","[11.90702,57.7076]"
"1048","GBG","[11.99231,57.72587]"
"1049","GBG","[11.99098,57.68886]"
"1050","GBG","[11.97323,57.72787]"
"1051","GBG","[11.90659,57.68346]"
"1052","GBG","[11.93979,57.71779]"
"1053","GBG","[11.93025,57.70017]"
"1054","GBG","[11.99764,57.71657]"
"1055","GBG","[11.92086,57.683]"
"1056","GBG","[11.95297,57.7269]"
"1057","GBG","[11.97162,57.68076]"
